Accuracy,Precision,Recall,F1_Score,RoC_AuC
70.88795857662224,71.09479305740987,70.39770849399581,70.74453362856352,70.88795857662222
