Accuracy,Precision,Recall,F1_Score,RoC_AuC
99.14783607813098,99.30835734870317,98.98506319417848,99.14644672484894,99.14783607813098
