Accuracy,Precision,Recall,F1_Score,RoC_AuC
95.53138075313808,98.00599964707958,92.95397489539748,95.4131592509878,95.53138075313808
