Accuracy,Precision,Recall,F1_Score,RoC_AuC
78.8969743393336,72.49552772808586,93.12523937188817,81.52556580050293,78.8969743393336
