Accuracy,Precision,Recall,F1_Score,RoC_AuC
82.8023598820059,76.07472252618415,95.70304818092428,84.76746211461418,82.80235988200589
