Accuracy,Precision,Recall,F1_Score,RoC_AuC
82.62821384845599,76.65533106621324,93.83213168276426,84.37844053531671,82.628213848456
