Accuracy,Precision,Recall,F1_Score,RoC_AuC
99.8919891989199,100.0,99.78397839783977,99.89187240944314,99.89198919891989
