Accuracy,Precision,Recall,F1_Score,RoC_AuC
97.74000000000001,98.51626016260163,96.94,97.72177419354838,97.74000000000001
