Accuracy,Precision,Recall,F1_Score,RoC_AuC
99.88,99.97995991983967,99.78,99.87987987987988,99.88
