Accuracy,Precision,Recall,F1_Score,RoC_AuC
72.92,72.20930232558139,74.52,73.34645669291339,72.92
