Accuracy,Precision,Recall,F1_Score,RoC_AuC
99.83999999999999,99.93987975951903,99.74,99.83983983983984,99.83999999999999
