Accuracy,Precision,Recall,F1_Score,RoC_AuC
89.35049736688121,91.82213930348259,86.3955529549444,89.02622851974677,89.35049736688121
