Accuracy,Precision,Recall,F1_Score,RoC_AuC
82.46050321825629,96.91331923890063,67.05675833820948,79.26681653121217,82.46050321825629
