Accuracy,Precision,Recall,F1_Score,RoC_AuC
79.5863653772501,86.85591603053436,69.7242435848334,77.3528786913108,79.5863653772501
