Accuracy,Precision,Recall,F1_Score,RoC_AuC
95.42500000000001,91.61704076958314,100.0,95.62514941429596,95.425
