Accuracy,Precision,Recall,F1_Score,RoC_AuC
95.6047197640118,97.1341463414634,93.98230088495575,95.53223388305847,95.6047197640118
