Accuracy,Precision,Recall,F1_Score,RoC_AuC
99.76057679227316,99.8908862762214,99.62998231533125,99.76026370991909,99.76057679227316
