Accuracy,Precision,Recall,F1_Score,RoC_AuC
96.98744769874477,99.05643893063079,94.8786610878661,96.92255086339546,96.98744769874477
