Accuracy,Precision,Recall,F1_Score,RoC_AuC
98.83186518575259,98.60846359130765,99.06166219839142,98.8345433702713,98.83186518575259
