Accuracy,Precision,Recall,F1_Score,RoC_AuC
96.635,93.84224875434803,99.82,96.73886708339391,96.635
