Accuracy,Precision,Recall,F1_Score,RoC_AuC
97.4188790560472,98.16238889443724,96.64700098328417,97.39880097111431,97.4188790560472
