Accuracy,Precision,Recall,F1_Score,RoC_AuC
91.35459332943242,93.213084683583,89.20421299005267,91.16459859470773,91.35459332943243
