Accuracy,Precision,Recall,F1_Score,RoC_AuC
96.39963996399639,97.37180665318876,95.37353735373537,96.36231356857039,96.39963996399639
